{
  "eslint.config.js": 1774080936.1382163,
  "postcss.config.js": 1774080936.1619267,
  "tailwind.config.ts": 1774080936.1694405,
  "vite.config.ts": 1775846145.2447107,
  "vitest.config.ts": 1774080936.2006252,
  "lifeline-backend\\server.js": 1775827292.2703016,
  "lifeline-backend\\src\\app.js": 1774164985.97954,
  "lifeline-backend\\src\\server.js": 1775845751.941033,
  "lifeline-backend\\src\\config\\constants.js": 1774163403.6082103,
  "lifeline-backend\\src\\config\\env.js": 1775846145.2447107,
  "lifeline-backend\\src\\config\\socket.js": 1775846145.2447107,
  "lifeline-backend\\src\\db\\index.js": 1774935438.8203094,
  "lifeline-backend\\src\\db\\memory.js": 1774935438.8203094,
  "lifeline-backend\\src\\db\\mongo.js": 1774163487.9341652,
  "lifeline-backend\\src\\db\\mysql.js": 1774163487.9359083,
  "lifeline-backend\\src\\middleware\\auth.js": 1774163403.6862073,
  "lifeline-backend\\src\\middleware\\error.js": 1774163403.6862073,
  "lifeline-backend\\src\\middleware\\sanitize.js": 1774164412.701578,
  "lifeline-backend\\src\\middleware\\validate.js": 1774163403.6102092,
  "lifeline-backend\\src\\routes\\admin.routes.js": 1776583865.2310257,
  "lifeline-backend\\src\\routes\\ambulance.routes.js": 1775844725.2000628,
  "lifeline-backend\\src\\routes\\auth.routes.js": 1774163540.5169258,
  "lifeline-backend\\src\\routes\\emergency.routes.js": 1776584612.283108,
  "lifeline-backend\\src\\routes\\health.routes.js": 1774163540.5169258,
  "lifeline-backend\\src\\routes\\hospital.routes.js": 1774163540.5169258,
  "lifeline-backend\\src\\routes\\location.routes.js": 1774164985.97954,
  "lifeline-backend\\src\\services\\dispatchService.js": 1776584612.283108,
  "lifeline-backend\\src\\services\\seedService.js": 1774163487.9435773,
  "lifeline-backend\\src\\services\\socketEvents.service.js": 1775827453.8465824,
  "lifeline-backend\\src\\utils\\asyncHandler.js": 1774163403.6082103,
  "lifeline-backend\\src\\utils\\geo.js": 1774163403.6102092,
  "src\\App.tsx": 1774935448.5390089,
  "src\\firebase.js": 1775063005.0480266,
  "src\\main.tsx": 1774080936.2679346,
  "src\\vite-env.d.ts": 1774080936.2744606,
  "src\\components\\EmergencyMap.tsx": 1775846448.3351333,
  "src\\components\\NavLink.tsx": 1774080936.2884526,
  "src\\components\\RealTimeEmergencyMap.tsx": 1775846534.1706817,
  "src\\components\\ui\\accordion.tsx": 1774080936.2987847,
  "src\\components\\ui\\alert-dialog.tsx": 1774080936.3031282,
  "src\\components\\ui\\alert.tsx": 1774080936.3100185,
  "src\\components\\ui\\aspect-ratio.tsx": 1774080936.3156667,
  "src\\components\\ui\\avatar.tsx": 1774080936.3216689,
  "src\\components\\ui\\badge.tsx": 1774080936.3271334,
  "src\\components\\ui\\breadcrumb.tsx": 1774080936.3319907,
  "src\\components\\ui\\button.tsx": 1774080936.337908,
  "src\\components\\ui\\calendar.tsx": 1774080936.343261,
  "src\\components\\ui\\card.tsx": 1774080936.3477826,
  "src\\components\\ui\\carousel.tsx": 1774080936.3528113,
  "src\\components\\ui\\chart.tsx": 1774080936.3573277,
  "src\\components\\ui\\checkbox.tsx": 1774080936.3628337,
  "src\\components\\ui\\collapsible.tsx": 1774080936.3691132,
  "src\\components\\ui\\command.tsx": 1774080936.3747506,
  "src\\components\\ui\\context-menu.tsx": 1774080936.3797562,
  "src\\components\\ui\\dialog.tsx": 1774080936.3847585,
  "src\\components\\ui\\drawer.tsx": 1774080936.3897808,
  "src\\components\\ui\\dropdown-menu.tsx": 1774080936.3952556,
  "src\\components\\ui\\form.tsx": 1774080936.4005492,
  "src\\components\\ui\\hover-card.tsx": 1774080936.4068315,
  "src\\components\\ui\\input-otp.tsx": 1774080936.4118335,
  "src\\components\\ui\\input.tsx": 1774080936.4175563,
  "src\\components\\ui\\label.tsx": 1774080936.4233437,
  "src\\components\\ui\\menubar.tsx": 1774080936.4275968,
  "src\\components\\ui\\navigation-menu.tsx": 1774080936.4326627,
  "src\\components\\ui\\pagination.tsx": 1774080936.4385056,
  "src\\components\\ui\\popover.tsx": 1774080936.4445376,
  "src\\components\\ui\\progress.tsx": 1774080936.448953,
  "src\\components\\ui\\radio-group.tsx": 1774080936.4546459,
  "src\\components\\ui\\resizable.tsx": 1774080936.4601488,
  "src\\components\\ui\\scroll-area.tsx": 1774080936.465719,
  "src\\components\\ui\\select.tsx": 1774080936.4710145,
  "src\\components\\ui\\separator.tsx": 1774080936.4765432,
  "src\\components\\ui\\sheet.tsx": 1774080936.4813526,
  "src\\components\\ui\\sidebar.tsx": 1774080936.4869058,
  "src\\components\\ui\\skeleton.tsx": 1774080936.491359,
  "src\\components\\ui\\slider.tsx": 1774080936.4965084,
  "src\\components\\ui\\sonner.tsx": 1774080936.5017414,
  "src\\components\\ui\\switch.tsx": 1774080936.5067434,
  "src\\components\\ui\\table.tsx": 1774080936.5127945,
  "src\\components\\ui\\tabs.tsx": 1774080936.5175793,
  "src\\components\\ui\\textarea.tsx": 1774080936.5229826,
  "src\\components\\ui\\toast.tsx": 1774080936.5285568,
  "src\\components\\ui\\toaster.tsx": 1774080936.5325568,
  "src\\components\\ui\\toggle-group.tsx": 1774080936.5378666,
  "src\\components\\ui\\toggle.tsx": 1774080936.5437117,
  "src\\components\\ui\\tooltip.tsx": 1774080936.5487163,
  "src\\components\\ui\\use-toast.ts": 1774080936.5537162,
  "src\\context\\AuthContext.tsx": 1774935448.5395112,
  "src\\data\\mockData.ts": 1774080936.574647,
  "src\\data\\types.ts": 1774080936.5799701,
  "src\\hooks\\use-location-tracking.ts": 1775846025.2175457,
  "src\\hooks\\use-mobile.tsx": 1774080936.5892768,
  "src\\hooks\\use-socket.ts": 1775846021.7367244,
  "src\\hooks\\use-toast.ts": 1774080936.5952995,
  "src\\lib\\adminWhitelist.ts": 1775141558.2725265,
  "src\\lib\\firebase.ts": 1775141558.2725265,
  "src\\lib\\utils.ts": 1774080936.6059177,
  "src\\pages\\AdminAuth.tsx": 1774935448.5405028,
  "src\\pages\\AdminDashboard.tsx": 1776584449.044502,
  "src\\pages\\AmbulanceDriverDashboard.tsx": 1775845200.0736887,
  "src\\pages\\HospitalDashboard.tsx": 1775846448.3325734,
  "src\\pages\\Index.tsx": 1774080936.6247084,
  "src\\pages\\Login.tsx": 1774080936.6291678,
  "src\\pages\\NotFound.tsx": 1774080936.635298,
  "src\\pages\\RoleSelect.tsx": 1776585024.617156,
  "src\\pages\\UserDashboard.tsx": 1775845462.8420608,
  "src\\test\\example.test.ts": 1774080936.657259,
  "src\\test\\setup.ts": 1774080936.6623676,
  "IMPLEMENTATION_CHECKLIST.md": 1776094830.0103252,
  "index.html": 1774080936.1470048,
  "README.md": 1774935784.0823264,
  "SOCKET_IO_GUIDE.md": 1776094775.0445323,
  "SOCKET_IO_QUICKSTART.md": 1776094809.1307805,
  "lifeline-backend\\README.md": 1774935437.7776177,
  "public\\robots.txt": 1774080936.2293057,
  "graph.png": 1777035647.8944452,
  "public\\placeholder.svg": 1774080936.2211835
}